"iter","threshold","minority_trt_rawlsian","minority_trt_majority","minority_trt_egalitarian","minority_trt_utilitarian"
1,55,0.172443674176776,0.172653184424992,0.17359413202934,0.172301304863582
1,56,0.172443674176776,0.172653184424992,0.17359413202934,0.172301304863582
1,57,0.172443674176776,0.172653184424992,0.17359413202934,0.172301304863582
1,58,0.172443674176776,0.172653184424992,0.17359413202934,0.172301304863582
1,59,0.172443674176776,0.172653184424992,0.17359413202934,0.172301304863582
1,60,0.172443674176776,0.172653184424992,0.17359413202934,0.172301304863582
1,61,0.172443674176776,0.172653184424992,0.17359413202934,0.172301304863582
1,62,0.172443674176776,0.172653184424992,0.17359413202934,0.172301304863582
1,63,0.172443674176776,0.172653184424992,0.17359413202934,0.172301304863582
1,64,0.172443674176776,0.172653184424992,0.17359413202934,0.172301304863582
1,65,0.172443674176776,0.172653184424992,0.17359413202934,0.172301304863582
1,66,0.172443674176776,0.172653184424992,0.17359413202934,0.172301304863582
1,67,0.172443674176776,0.172653184424992,0.17359413202934,0.172301304863582
1,68,0.172443674176776,0.172653184424992,0.17359413202934,0.172301304863582
1,69,0.217375499818248,0.200404858299595,0.168787107718405,0.19956002514142
1,70,0.217375499818248,0.200404858299595,0.168787107718405,0.19956002514142
1,71,0.217375499818248,0.200404858299595,0.168787107718405,0.19956002514142
1,72,0.217375499818248,0.200404858299595,0.168787107718405,0.19956002514142
1,73,0.217375499818248,0.200404858299595,0.168787107718405,0.19956002514142
1,74,0.217375499818248,0.200404858299595,0.168787107718405,0.19956002514142
1,75,0.217375499818248,0.200404858299595,0.168787107718405,0.19956002514142
1,76,0.217375499818248,0.200404858299595,0.168787107718405,0.19956002514142
1,77,0.217375499818248,0.200404858299595,0.168787107718405,0.19956002514142
1,78,0.217375499818248,0.200404858299595,0.168787107718405,0.19956002514142
1,79,0.217375499818248,0.200404858299595,0.168787107718405,0.19956002514142
1,80,0.217375499818248,0.200404858299595,0.168787107718405,0.19956002514142
1,81,0.217375499818248,0.200404858299595,0.168787107718405,0.19956002514142
1,82,0.236711552090716,0.21397616468039,0.122130394857668,0.222083593262633
1,83,0.236711552090716,0.21397616468039,0.122130394857668,0.222083593262633
1,84,0.236711552090716,0.21397616468039,0.122130394857668,0.222083593262633
1,85,0.236711552090716,0.21397616468039,0.122130394857668,0.222083593262633
1,86,0.236711552090716,0.21397616468039,0.122130394857668,0.222083593262633
1,87,0.236711552090716,0.21397616468039,0.124254785064324,0.222083593262633
1,88,0.236711552090716,0.21397616468039,0.128867732063924,0.222083593262633
1,89,0.255266418835192,0.244805781391147,0.114596403178586,0.244419642857143
1,90,0.255266418835192,0.244805781391147,0.114596403178586,0.244419642857143
1,91,0.255266418835192,0.244805781391147,0.117486338797814,0.244419642857143
1,92,0.255266418835192,0.244805781391147,0.122950819672131,0.244419642857143
1,93,0.26271186440678,0.260747663551402,0.145029239766082,0.262979683972912
1,94,0.321100917431193,0.282317979197623,0.109972677595628,0.290766208251473
1,95,0.321100917431193,0.282317979197623,0.127049180327869,0.290766208251473
1,96,0.455813953488372,0.337628865979381,0.120521172638436,0.378571428571429
1,97,0.455813953488372,0.337628865979381,0.144230769230769,0.378571428571429
1,98,0.351351351351351,0.380769230769231,0.121649484536082,0.349112426035503
1,99,0.379310344827586,0.421686746987952,0.118367346938776,0.37037037037037
2,55,0.173700305810398,0.170735360191703,0.176370393310622,0.170437630247097
2,56,0.173700305810398,0.170735360191703,0.176370393310622,0.170437630247097
2,57,0.173700305810398,0.170735360191703,0.176370393310622,0.170437630247097
2,58,0.173700305810398,0.170735360191703,0.176370393310622,0.170437630247097
2,59,0.173700305810398,0.170735360191703,0.176370393310622,0.170437630247097
2,60,0.173700305810398,0.170735360191703,0.176370393310622,0.170437630247097
2,61,0.173700305810398,0.170735360191703,0.176370393310622,0.170437630247097
2,62,0.173700305810398,0.170735360191703,0.176370393310622,0.170437630247097
2,63,0.173700305810398,0.170735360191703,0.176370393310622,0.170437630247097
2,64,0.173700305810398,0.170735360191703,0.176370393310622,0.170437630247097
2,65,0.173700305810398,0.170735360191703,0.176370393310622,0.170437630247097
2,66,0.173700305810398,0.170735360191703,0.176370393310622,0.170437630247097
2,67,0.173700305810398,0.170735360191703,0.176370393310622,0.170437630247097
2,68,0.173700305810398,0.170735360191703,0.176370393310622,0.170437630247097
2,69,0.231947483588621,0.20768094534712,0.192665890570431,0.211125158027813
2,70,0.231947483588621,0.20768094534712,0.192665890570431,0.211125158027813
2,71,0.231947483588621,0.20768094534712,0.192665890570431,0.211125158027813
2,72,0.231947483588621,0.20768094534712,0.192665890570431,0.211125158027813
2,73,0.231947483588621,0.20768094534712,0.192665890570431,0.211125158027813
2,74,0.231947483588621,0.20768094534712,0.192665890570431,0.211125158027813
2,75,0.231947483588621,0.20768094534712,0.192665890570431,0.211125158027813
2,76,0.231947483588621,0.20768094534712,0.192665890570431,0.211125158027813
2,77,0.231947483588621,0.20768094534712,0.192665890570431,0.211125158027813
2,78,0.231947483588621,0.20768094534712,0.192665890570431,0.211125158027813
2,79,0.231947483588621,0.20768094534712,0.192665890570431,0.211125158027813
2,80,0.231947483588621,0.20768094534712,0.192665890570431,0.211125158027813
2,81,0.231947483588621,0.20768094534712,0.192665890570431,0.211125158027813
2,82,0.245997088791849,0.229780396357793,0.135743519781719,0.224892174984596
2,83,0.245997088791849,0.229780396357793,0.135743519781719,0.224892174984596
2,84,0.245997088791849,0.229780396357793,0.135743519781719,0.224892174984596
2,85,0.245997088791849,0.229780396357793,0.135743519781719,0.224892174984596
2,86,0.245997088791849,0.229780396357793,0.135743519781719,0.224892174984596
2,87,0.245997088791849,0.229780396357793,0.135743519781719,0.224892174984596
2,88,0.245997088791849,0.229780396357793,0.136035726554449,0.224892174984596
2,89,0.243872549019608,0.232276119402985,0.111952861952862,0.237668161434978
2,90,0.243872549019608,0.232276119402985,0.111952861952862,0.237668161434978
2,91,0.243872549019608,0.232276119402985,0.11352329262777,0.237668161434978
2,92,0.243872549019608,0.232276119402985,0.122075279755849,0.237668161434978
2,93,0.271165644171779,0.261244019138756,0.138711549622751,0.264302059496567
2,94,0.348448687350835,0.296124031007752,0.132478632478632,0.311890838206628
2,95,0.348448687350835,0.296124031007752,0.144499178981938,0.311890838206628
2,96,0.348017621145374,0.324705882352941,0.1275,0.334532374100719
2,97,0.348017621145374,0.324705882352941,0.133058984910837,0.334532374100719
2,98,0.375,0.341269841269841,0.147843942505133,0.343558282208589
2,99,0.381818181818182,0.415584415584416,0.13469387755102,0.395833333333333
3,55,0.177677224736048,0.173599639585523,0.178030870672861,0.174577276772471
3,56,0.177677224736048,0.173599639585523,0.178030870672861,0.174577276772471
3,57,0.177677224736048,0.173599639585523,0.178030870672861,0.174577276772471
3,58,0.177677224736048,0.173599639585523,0.178030870672861,0.174577276772471
3,59,0.177677224736048,0.173599639585523,0.178030870672861,0.174577276772471
3,60,0.177677224736048,0.173599639585523,0.178030870672861,0.174577276772471
3,61,0.177677224736048,0.173599639585523,0.178030870672861,0.174577276772471
3,62,0.177677224736048,0.173599639585523,0.178030870672861,0.174577276772471
3,63,0.177677224736048,0.173599639585523,0.178030870672861,0.174577276772471
3,64,0.177677224736048,0.173599639585523,0.178030870672861,0.174577276772471
3,65,0.177677224736048,0.173599639585523,0.178030870672861,0.174577276772471
3,66,0.177677224736048,0.173599639585523,0.178030870672861,0.174577276772471
3,67,0.177677224736048,0.173599639585523,0.178030870672861,0.174577276772471
3,68,0.177677224736048,0.173599639585523,0.178030870672861,0.174577276772471
3,69,0.214853195164076,0.198802053622362,0.155875299760192,0.202075702075702
3,70,0.214853195164076,0.198802053622362,0.155875299760192,0.202075702075702
3,71,0.214853195164076,0.198802053622362,0.155875299760192,0.202075702075702
3,72,0.214853195164076,0.198802053622362,0.155875299760192,0.202075702075702
3,73,0.214853195164076,0.198802053622362,0.155875299760192,0.202075702075702
3,74,0.214853195164076,0.198802053622362,0.155875299760192,0.202075702075702
3,75,0.214853195164076,0.198802053622362,0.155875299760192,0.202075702075702
3,76,0.214853195164076,0.198802053622362,0.155875299760192,0.202075702075702
3,77,0.214853195164076,0.198802053622362,0.155875299760192,0.202075702075702
3,78,0.214853195164076,0.198802053622362,0.155875299760192,0.202075702075702
3,79,0.214853195164076,0.198802053622362,0.155875299760192,0.202075702075702
3,80,0.214853195164076,0.198802053622362,0.155875299760192,0.202075702075702
3,81,0.214853195164076,0.198802053622362,0.155875299760192,0.202075702075702
3,82,0.257598784194529,0.219193020719738,0.131291028446389,0.223566878980892
3,83,0.257598784194529,0.219193020719738,0.131291028446389,0.223566878980892
3,84,0.257598784194529,0.219193020719738,0.131291028446389,0.223566878980892
3,85,0.257598784194529,0.219193020719738,0.131291028446389,0.223566878980892
3,86,0.257598784194529,0.219193020719738,0.131291028446389,0.223566878980892
3,87,0.257598784194529,0.219193020719738,0.131950989632422,0.223566878980892
3,88,0.257598784194529,0.219193020719738,0.135466303607897,0.223566878980892
3,89,0.259946949602122,0.230837789661319,0.120910384068279,0.230429988974642
3,90,0.259946949602122,0.230837789661319,0.120910384068279,0.230429988974642
3,91,0.259946949602122,0.230837789661319,0.120910384068279,0.230429988974642
3,92,0.259946949602122,0.230837789661319,0.125638406537283,0.230429988974642
3,93,0.240147783251232,0.243349753694581,0.135135135135135,0.240566037735849
3,94,0.309333333333333,0.2671875,0.112421383647799,0.282275711159737
3,95,0.309333333333333,0.2671875,0.114848236259229,0.282275711159737
3,96,0.364,0.301234567901235,0.115541922290389,0.321070234113712
3,97,0.364,0.301234567901235,0.141689373297003,0.321070234113712
3,98,0.342541436464088,0.325102880658436,0.146090534979424,0.333333333333333
3,99,0.321428571428571,0.364705882352941,0.110655737704918,0.301587301587302
4,55,0.170606372045221,0.172754491017964,0.169565852945476,0.171394623496213
4,56,0.170606372045221,0.172754491017964,0.169565852945476,0.171394623496213
4,57,0.170606372045221,0.172754491017964,0.169565852945476,0.171394623496213
4,58,0.170606372045221,0.172754491017964,0.169565852945476,0.171394623496213
4,59,0.170606372045221,0.172754491017964,0.169565852945476,0.171394623496213
4,60,0.170606372045221,0.172754491017964,0.169565852945476,0.171394623496213
4,61,0.170606372045221,0.172754491017964,0.169565852945476,0.171394623496213
4,62,0.170606372045221,0.172754491017964,0.169565852945476,0.171394623496213
4,63,0.170606372045221,0.172754491017964,0.169565852945476,0.171394623496213
4,64,0.170606372045221,0.172754491017964,0.169565852945476,0.171394623496213
4,65,0.170606372045221,0.172754491017964,0.169565852945476,0.171394623496213
4,66,0.170606372045221,0.172754491017964,0.169565852945476,0.171394623496213
4,67,0.170606372045221,0.172754491017964,0.169565852945476,0.171394623496213
4,68,0.170606372045221,0.172754491017964,0.169565852945476,0.171394623496213
4,69,0.228160707703649,0.202220923436587,0.178424375514686,0.206572769953052
4,70,0.228160707703649,0.202220923436587,0.178424375514686,0.206572769953052
4,71,0.228160707703649,0.202220923436587,0.178424375514686,0.206572769953052
4,72,0.228160707703649,0.202220923436587,0.178424375514686,0.206572769953052
4,73,0.228160707703649,0.202220923436587,0.178424375514686,0.206572769953052
4,74,0.228160707703649,0.202220923436587,0.178424375514686,0.206572769953052
4,75,0.228160707703649,0.202220923436587,0.178424375514686,0.206572769953052
4,76,0.228160707703649,0.202220923436587,0.178424375514686,0.206572769953052
4,77,0.228160707703649,0.202220923436587,0.178424375514686,0.206572769953052
4,78,0.228160707703649,0.202220923436587,0.178424375514686,0.206572769953052
4,79,0.228160707703649,0.202220923436587,0.178424375514686,0.206572769953052
4,80,0.228160707703649,0.202220923436587,0.178424375514686,0.206572769953052
4,81,0.228160707703649,0.202220923436587,0.178424375514686,0.206572769953052
4,82,0.244744744744745,0.2180217503884,0.131153068105192,0.221813725490196
4,83,0.244744744744745,0.2180217503884,0.131153068105192,0.221813725490196
4,84,0.244744744744745,0.2180217503884,0.131153068105192,0.221813725490196
4,85,0.244744744744745,0.2180217503884,0.131153068105192,0.221813725490196
4,86,0.244744744744745,0.2180217503884,0.131153068105192,0.221813725490196
4,87,0.244744744744745,0.2180217503884,0.131153068105192,0.221813725490196
4,88,0.244744744744745,0.2180217503884,0.131552248900913,0.221813725490196
4,89,0.270471464019851,0.255222524977293,0.1214915797915,0.253303964757709
4,90,0.270471464019851,0.255222524977293,0.122614697523346,0.253303964757709
4,91,0.270471464019851,0.255222524977293,0.127198917456022,0.253303964757709
4,92,0.270471464019851,0.255222524977293,0.134956874682902,0.253303964757709
4,93,0.265353418308227,0.256198347107438,0.145869947275923,0.258414766558089
4,94,0.311224489795918,0.291472868217054,0.113682777399592,0.290187891440501
4,95,0.311224489795918,0.291472868217054,0.127450980392157,0.290187891440501
4,96,0.34,0.31,0.124742268041237,0.326153846153846
4,97,0.34,0.31,0.15521978021978,0.326153846153846
4,98,0.357142857142857,0.340425531914894,0.135802469135802,0.331360946745562
4,99,0.274193548387097,0.369565217391304,0.110655737704918,0.296296296296296
5,55,0.167278601850492,0.168568920105356,0.167669062637524,0.167933352820813
5,56,0.167278601850492,0.168568920105356,0.167669062637524,0.167933352820813
5,57,0.167278601850492,0.168568920105356,0.167669062637524,0.167933352820813
5,58,0.167278601850492,0.168568920105356,0.167669062637524,0.167933352820813
5,59,0.167278601850492,0.168568920105356,0.167669062637524,0.167933352820813
5,60,0.167278601850492,0.168568920105356,0.167669062637524,0.167933352820813
5,61,0.167278601850492,0.168568920105356,0.167669062637524,0.167933352820813
5,62,0.167278601850492,0.168568920105356,0.167669062637524,0.167933352820813
5,63,0.167278601850492,0.168568920105356,0.167669062637524,0.167933352820813
5,64,0.167278601850492,0.168568920105356,0.167669062637524,0.167933352820813
5,65,0.167278601850492,0.168568920105356,0.167669062637524,0.167933352820813
5,66,0.167278601850492,0.168568920105356,0.167669062637524,0.167933352820813
5,67,0.167278601850492,0.168568920105356,0.167669062637524,0.167933352820813
5,68,0.167278601850492,0.168568920105356,0.167669062637524,0.167933352820813
5,69,0.220950398890045,0.198208610228258,0.162854301342616,0.204050322184719
5,70,0.220950398890045,0.198208610228258,0.162854301342616,0.204050322184719
5,71,0.220950398890045,0.198208610228258,0.162854301342616,0.204050322184719
5,72,0.220950398890045,0.198208610228258,0.162854301342616,0.204050322184719
5,73,0.220950398890045,0.198208610228258,0.162854301342616,0.204050322184719
5,74,0.220950398890045,0.198208610228258,0.162854301342616,0.204050322184719
5,75,0.220950398890045,0.198208610228258,0.162854301342616,0.204050322184719
5,76,0.220950398890045,0.198208610228258,0.162854301342616,0.204050322184719
5,77,0.220950398890045,0.198208610228258,0.162854301342616,0.204050322184719
5,78,0.220950398890045,0.198208610228258,0.162854301342616,0.204050322184719
5,79,0.220950398890045,0.198208610228258,0.162854301342616,0.204050322184719
5,80,0.220950398890045,0.198208610228258,0.162854301342616,0.204050322184719
5,81,0.220950398890045,0.198208610228258,0.162854301342616,0.204050322184719
5,82,0.229090909090909,0.218931782125859,0.123300970873786,0.216552582451774
5,83,0.229090909090909,0.218931782125859,0.123300970873786,0.216552582451774
5,84,0.229090909090909,0.218931782125859,0.123300970873786,0.216552582451774
5,85,0.229090909090909,0.218931782125859,0.123300970873786,0.216552582451774
5,86,0.229090909090909,0.218931782125859,0.123300970873786,0.216552582451774
5,87,0.229090909090909,0.218931782125859,0.123300970873786,0.216552582451774
5,88,0.229090909090909,0.218931782125859,0.126707650273224,0.216552582451774
5,89,0.258186397984887,0.248148148148148,0.115942028985507,0.248053392658509
5,90,0.258186397984887,0.248148148148148,0.115942028985507,0.248053392658509
5,91,0.258186397984887,0.248148148148148,0.117700316885469,0.248053392658509
5,92,0.258186397984887,0.248148148148148,0.125827814569536,0.248053392658509
5,93,0.26530612244898,0.25631067961165,0.138921453692849,0.252900232018561
5,94,0.327077747989276,0.304644808743169,0.125,0.288381742738589
5,95,0.327077747989276,0.304644808743169,0.126126126126126,0.288381742738589
5,96,0.352517985611511,0.31592039800995,0.121181262729124,0.344594594594595
5,97,0.352517985611511,0.31592039800995,0.154681139755767,0.344594594594595
5,98,0.349593495934959,0.331058020477816,0.193877551020408,0.344
5,99,0.328571428571429,0.346534653465347,0.122448979591837,0.355932203389831
6,55,0.167385057471264,0.16998191681736,0.168657565415245,0.17012140953509
6,56,0.167385057471264,0.16998191681736,0.168657565415245,0.17012140953509
6,57,0.167385057471264,0.16998191681736,0.168657565415245,0.17012140953509
6,58,0.167385057471264,0.16998191681736,0.168657565415245,0.17012140953509
6,59,0.167385057471264,0.16998191681736,0.168657565415245,0.17012140953509
6,60,0.167385057471264,0.16998191681736,0.168657565415245,0.17012140953509
6,61,0.167385057471264,0.16998191681736,0.168657565415245,0.17012140953509
6,62,0.167385057471264,0.16998191681736,0.168657565415245,0.17012140953509
6,63,0.167385057471264,0.16998191681736,0.168657565415245,0.17012140953509
6,64,0.167385057471264,0.16998191681736,0.168657565415245,0.17012140953509
6,65,0.167385057471264,0.16998191681736,0.168657565415245,0.17012140953509
6,66,0.167385057471264,0.16998191681736,0.168657565415245,0.17012140953509
6,67,0.167385057471264,0.16998191681736,0.168657565415245,0.17012140953509
6,68,0.167385057471264,0.16998191681736,0.168657565415245,0.17012140953509
6,69,0.204644900706833,0.19650784255697,0.158160808858931,0.197503900156006
6,70,0.204644900706833,0.19650784255697,0.158160808858931,0.197503900156006
6,71,0.204644900706833,0.19650784255697,0.158160808858931,0.197503900156006
6,72,0.204644900706833,0.19650784255697,0.158160808858931,0.197503900156006
6,73,0.204644900706833,0.19650784255697,0.158160808858931,0.197503900156006
6,74,0.204644900706833,0.19650784255697,0.158160808858931,0.197503900156006
6,75,0.204644900706833,0.19650784255697,0.158160808858931,0.197503900156006
6,76,0.204644900706833,0.19650784255697,0.158160808858931,0.197503900156006
6,77,0.204644900706833,0.19650784255697,0.158160808858931,0.197503900156006
6,78,0.204644900706833,0.19650784255697,0.158160808858931,0.197503900156006
6,79,0.204644900706833,0.19650784255697,0.158160808858931,0.197503900156006
6,80,0.204644900706833,0.19650784255697,0.158160808858931,0.197503900156006
6,81,0.204644900706833,0.19650784255697,0.158160808858931,0.197503900156006
6,82,0.244159758854559,0.220758693361433,0.123140234251345,0.219221105527638
6,83,0.244159758854559,0.220758693361433,0.123140234251345,0.219221105527638
6,84,0.244159758854559,0.220758693361433,0.123140234251345,0.219221105527638
6,85,0.244159758854559,0.220758693361433,0.123140234251345,0.219221105527638
6,86,0.244159758854559,0.220758693361433,0.123140234251345,0.219221105527638
6,87,0.244159758854559,0.220758693361433,0.123140234251345,0.219221105527638
6,88,0.244159758854559,0.220758693361433,0.128605361384459,0.219221105527638
6,89,0.252673796791444,0.234360410830999,0.115837104072398,0.22686230248307
6,90,0.252673796791444,0.234360410830999,0.115837104072398,0.22686230248307
6,91,0.252673796791444,0.234360410830999,0.116173120728929,0.22686230248307
6,92,0.252673796791444,0.234360410830999,0.121476166068683,0.22686230248307
6,93,0.287386215864759,0.261622607110301,0.140433001755413,0.263217097862767
6,94,0.322250639386189,0.294617563739377,0.135655362053162,0.289256198347107
6,95,0.322250639386189,0.294617563739377,0.135655362053162,0.289256198347107
6,96,0.362264150943396,0.314578005115089,0.123848515864893,0.344947735191638
6,97,0.362264150943396,0.314578005115089,0.144611186903138,0.344947735191638
6,98,0.320512820512821,0.370689655172414,0.119834710743802,0.329268292682927
6,99,0.372093023255814,0.407766990291262,0.105691056910569,0.375
7,55,0.168163603703192,0.173784104389087,0.166329148103146,0.172719349215572
7,56,0.168163603703192,0.173784104389087,0.166329148103146,0.172719349215572
7,57,0.168163603703192,0.173784104389087,0.166329148103146,0.172719349215572
7,58,0.168163603703192,0.173784104389087,0.166329148103146,0.172719349215572
7,59,0.168163603703192,0.173784104389087,0.166329148103146,0.172719349215572
7,60,0.168163603703192,0.173784104389087,0.166329148103146,0.172719349215572
7,61,0.168163603703192,0.173784104389087,0.166329148103146,0.172719349215572
7,62,0.168163603703192,0.173784104389087,0.166329148103146,0.172719349215572
7,63,0.168163603703192,0.173784104389087,0.166329148103146,0.172719349215572
7,64,0.168163603703192,0.173784104389087,0.166329148103146,0.172719349215572
7,65,0.168163603703192,0.173784104389087,0.166329148103146,0.172719349215572
7,66,0.168163603703192,0.173784104389087,0.166329148103146,0.172719349215572
7,67,0.168163603703192,0.173784104389087,0.166329148103146,0.172719349215572
7,68,0.168163603703192,0.173784104389087,0.166329148103146,0.172719349215572
7,69,0.21418286537077,0.195851851851852,0.176571920757967,0.198608475648324
7,70,0.21418286537077,0.195851851851852,0.176571920757967,0.198608475648324
7,71,0.21418286537077,0.195851851851852,0.176571920757967,0.198608475648324
7,72,0.21418286537077,0.195851851851852,0.176571920757967,0.198608475648324
7,73,0.21418286537077,0.195851851851852,0.176571920757967,0.198608475648324
7,74,0.21418286537077,0.195851851851852,0.176571920757967,0.198608475648324
7,75,0.21418286537077,0.195851851851852,0.176571920757967,0.198608475648324
7,76,0.21418286537077,0.195851851851852,0.176571920757967,0.198608475648324
7,77,0.21418286537077,0.195851851851852,0.176571920757967,0.198608475648324
7,78,0.21418286537077,0.195851851851852,0.176571920757967,0.198608475648324
7,79,0.21418286537077,0.195851851851852,0.176571920757967,0.198608475648324
7,80,0.21418286537077,0.195851851851852,0.176571920757967,0.198608475648324
7,81,0.21418286537077,0.195851851851852,0.176571920757967,0.198608475648324
7,82,0.25018559762435,0.233019853709509,0.125519003513255,0.226993865030675
7,83,0.25018559762435,0.233019853709509,0.125519003513255,0.226993865030675
7,84,0.25018559762435,0.233019853709509,0.125519003513255,0.226993865030675
7,85,0.25018559762435,0.233019853709509,0.125519003513255,0.226993865030675
7,86,0.25018559762435,0.233019853709509,0.125519003513255,0.226993865030675
7,87,0.25018559762435,0.233019853709509,0.125519003513255,0.226993865030675
7,88,0.25018559762435,0.233019853709509,0.131740614334471,0.226993865030675
7,89,0.255201109570042,0.248817407757805,0.102564102564103,0.246411483253589
7,90,0.255201109570042,0.248817407757805,0.102375102375102,0.246411483253589
7,91,0.255201109570042,0.248817407757805,0.108735213830755,0.246411483253589
7,92,0.255201109570042,0.248817407757805,0.118219037871034,0.246411483253589
7,93,0.303244005641749,0.277393879565647,0.144437973209086,0.272838002436054
7,94,0.339407744874715,0.287965616045845,0.13075780089153,0.309941520467836
7,95,0.339407744874715,0.287965616045845,0.142156862745098,0.309941520467836
7,96,0.373493975903614,0.314861460957179,0.123732251521298,0.328813559322034
7,97,0.373493975903614,0.314861460957179,0.15,0.328813559322034
7,98,0.353535353535354,0.369294605809129,0.155102040816327,0.39344262295082
7,99,0.419753086419753,0.388888888888889,0.168032786885246,0.408450704225352
8,55,0.176127646517337,0.172977885489246,0.179703356752537,0.173544973544974
8,56,0.176127646517337,0.172977885489246,0.179703356752537,0.173544973544974
8,57,0.176127646517337,0.172977885489246,0.179703356752537,0.173544973544974
8,58,0.176127646517337,0.172977885489246,0.179703356752537,0.173544973544974
8,59,0.176127646517337,0.172977885489246,0.179703356752537,0.173544973544974
8,60,0.176127646517337,0.172977885489246,0.179703356752537,0.173544973544974
8,61,0.176127646517337,0.172977885489246,0.179703356752537,0.173544973544974
8,62,0.176127646517337,0.172977885489246,0.179703356752537,0.173544973544974
8,63,0.176127646517337,0.172977885489246,0.179703356752537,0.173544973544974
8,64,0.176127646517337,0.172977885489246,0.179703356752537,0.173544973544974
8,65,0.176127646517337,0.172977885489246,0.179703356752537,0.173544973544974
8,66,0.176127646517337,0.172977885489246,0.179703356752537,0.173544973544974
8,67,0.176127646517337,0.172977885489246,0.179703356752537,0.173544973544974
8,68,0.176127646517337,0.172977885489246,0.179703356752537,0.173544973544974
8,69,0.233568510954326,0.203945459820133,0.193150262264733,0.209034267912773
8,70,0.233568510954326,0.203945459820133,0.193150262264733,0.209034267912773
8,71,0.233568510954326,0.203945459820133,0.193150262264733,0.209034267912773
8,72,0.233568510954326,0.203945459820133,0.193150262264733,0.209034267912773
8,73,0.233568510954326,0.203945459820133,0.193150262264733,0.209034267912773
8,74,0.233568510954326,0.203945459820133,0.193150262264733,0.209034267912773
8,75,0.233568510954326,0.203945459820133,0.193150262264733,0.209034267912773
8,76,0.233568510954326,0.203945459820133,0.193150262264733,0.209034267912773
8,77,0.233568510954326,0.203945459820133,0.193150262264733,0.209034267912773
8,78,0.233568510954326,0.203945459820133,0.193150262264733,0.209034267912773
8,79,0.233568510954326,0.203945459820133,0.193150262264733,0.209034267912773
8,80,0.233568510954326,0.203945459820133,0.193150262264733,0.209034267912773
8,81,0.233568510954326,0.203945459820133,0.193150262264733,0.209034267912773
8,82,0.243204577968526,0.230031948881789,0.137096774193548,0.228413962033068
8,83,0.243204577968526,0.230031948881789,0.137096774193548,0.228413962033068
8,84,0.243204577968526,0.230031948881789,0.137096774193548,0.228413962033068
8,85,0.243204577968526,0.230031948881789,0.137096774193548,0.228413962033068
8,86,0.243204577968526,0.230031948881789,0.137096774193548,0.228413962033068
8,87,0.243204577968526,0.230031948881789,0.137096774193548,0.228413962033068
8,88,0.243204577968526,0.230031948881789,0.137096774193548,0.228413962033068
8,89,0.248541423570595,0.235238987816307,0.114126394052045,0.240659340659341
8,90,0.248541423570595,0.235238987816307,0.120196238757155,0.240659340659341
8,91,0.248541423570595,0.235238987816307,0.124943207632894,0.240659340659341
8,92,0.248541423570595,0.235238987816307,0.13030148185999,0.240659340659341
8,93,0.308396946564885,0.260570304818092,0.137301119622864,0.271481942714819
8,94,0.294930875576037,0.266886326194399,0.11522633744856,0.273279352226721
8,95,0.294930875576037,0.266886326194399,0.126748971193416,0.273279352226721
8,96,0.414141414141414,0.329268292682927,0.110082304526749,0.39463601532567
8,97,0.414141414141414,0.329268292682927,0.131687242798354,0.39463601532567
8,98,0.295336787564767,0.301724137931034,0.148453608247423,0.287179487179487
8,99,0.4,0.398148148148148,0.10655737704918,0.421052631578947
9,55,0.175359851416189,0.172639405204461,0.176028790486622,0.172893006575015
9,56,0.175359851416189,0.172639405204461,0.176028790486622,0.172893006575015
9,57,0.175359851416189,0.172639405204461,0.176028790486622,0.172893006575015
9,58,0.175359851416189,0.172639405204461,0.176028790486622,0.172893006575015
9,59,0.175359851416189,0.172639405204461,0.176028790486622,0.172893006575015
9,60,0.175359851416189,0.172639405204461,0.176028790486622,0.172893006575015
9,61,0.175359851416189,0.172639405204461,0.176028790486622,0.172893006575015
9,62,0.175359851416189,0.172639405204461,0.176028790486622,0.172893006575015
9,63,0.175359851416189,0.172639405204461,0.176028790486622,0.172893006575015
9,64,0.175359851416189,0.172639405204461,0.176028790486622,0.172893006575015
9,65,0.175359851416189,0.172639405204461,0.176028790486622,0.172893006575015
9,66,0.175359851416189,0.172639405204461,0.176028790486622,0.172893006575015
9,67,0.175359851416189,0.172639405204461,0.176028790486622,0.172893006575015
9,68,0.175359851416189,0.172639405204461,0.176028790486622,0.172893006575015
9,69,0.209483368719037,0.199322416713721,0.172366243794815,0.197466007416564
9,70,0.209483368719037,0.199322416713721,0.172366243794815,0.197466007416564
9,71,0.209483368719037,0.199322416713721,0.172366243794815,0.197466007416564
9,72,0.209483368719037,0.199322416713721,0.172366243794815,0.197466007416564
9,73,0.209483368719037,0.199322416713721,0.172366243794815,0.197466007416564
9,74,0.209483368719037,0.199322416713721,0.172366243794815,0.197466007416564
9,75,0.209483368719037,0.199322416713721,0.172366243794815,0.197466007416564
9,76,0.209483368719037,0.199322416713721,0.172366243794815,0.197466007416564
9,77,0.209483368719037,0.199322416713721,0.172366243794815,0.197466007416564
9,78,0.209483368719037,0.199322416713721,0.172366243794815,0.197466007416564
9,79,0.209483368719037,0.199322416713721,0.172366243794815,0.197466007416564
9,80,0.209483368719037,0.199322416713721,0.172366243794815,0.197466007416564
9,81,0.209483368719037,0.199322416713721,0.172366243794815,0.197466007416564
9,82,0.222144846796657,0.21835958718088,0.120614670919107,0.215
9,83,0.222144846796657,0.21835958718088,0.120614670919107,0.215
9,84,0.222144846796657,0.21835958718088,0.120614670919107,0.215
9,85,0.222144846796657,0.21835958718088,0.120614670919107,0.215
9,86,0.222144846796657,0.21835958718088,0.12092750220135,0.215
9,87,0.222144846796657,0.21835958718088,0.123577749683944,0.215
9,88,0.222144846796657,0.21835958718088,0.13077713111948,0.215
9,89,0.280276816608997,0.249557522123894,0.126037139470565,0.255670103092783
9,90,0.280276816608997,0.249557522123894,0.129742962056304,0.255670103092783
9,91,0.280276816608997,0.249557522123894,0.135086128739801,0.255670103092783
9,92,0.280276816608997,0.249557522123894,0.144314125446201,0.255670103092783
9,93,0.272271016311167,0.275529865125241,0.140845070422535,0.265046296296296
9,94,0.365155131264916,0.302052785923754,0.140589569160998,0.314851485148515
9,95,0.365155131264916,0.302052785923754,0.150865622423743,0.314851485148515
9,96,0.364372469635628,0.307506053268765,0.116182572614108,0.335664335664336
9,97,0.364372469635628,0.307506053268765,0.139118457300275,0.335664335664336
9,98,0.362573099415205,0.359375,0.151020408163265,0.366666666666667
9,99,0.388888888888889,0.454545454545455,0.110204081632653,0.396551724137931
10,55,0.175208397653597,0.17601082218548,0.176190476190476,0.173455583947092
10,56,0.175208397653597,0.17601082218548,0.176190476190476,0.173455583947092
10,57,0.175208397653597,0.17601082218548,0.176190476190476,0.173455583947092
10,58,0.175208397653597,0.17601082218548,0.176190476190476,0.173455583947092
10,59,0.175208397653597,0.17601082218548,0.176190476190476,0.173455583947092
10,60,0.175208397653597,0.17601082218548,0.176190476190476,0.173455583947092
10,61,0.175208397653597,0.17601082218548,0.176190476190476,0.173455583947092
10,62,0.175208397653597,0.17601082218548,0.176190476190476,0.173455583947092
10,63,0.175208397653597,0.17601082218548,0.176190476190476,0.173455583947092
10,64,0.175208397653597,0.17601082218548,0.176190476190476,0.173455583947092
10,65,0.175208397653597,0.17601082218548,0.176190476190476,0.173455583947092
10,66,0.175208397653597,0.17601082218548,0.176190476190476,0.173455583947092
10,67,0.175208397653597,0.17601082218548,0.176190476190476,0.173455583947092
10,68,0.175208397653597,0.17601082218548,0.176190476190476,0.173455583947092
10,69,0.207370184254606,0.199122807017544,0.152504965791216,0.198761609907121
10,70,0.207370184254606,0.199122807017544,0.152504965791216,0.198761609907121
10,71,0.207370184254606,0.199122807017544,0.152504965791216,0.198761609907121
10,72,0.207370184254606,0.199122807017544,0.152504965791216,0.198761609907121
10,73,0.207370184254606,0.199122807017544,0.152504965791216,0.198761609907121
10,74,0.207370184254606,0.199122807017544,0.152504965791216,0.198761609907121
10,75,0.207370184254606,0.199122807017544,0.152504965791216,0.198761609907121
10,76,0.207370184254606,0.199122807017544,0.152504965791216,0.198761609907121
10,77,0.207370184254606,0.199122807017544,0.152504965791216,0.198761609907121
10,78,0.207370184254606,0.199122807017544,0.152504965791216,0.198761609907121
10,79,0.207370184254606,0.199122807017544,0.152504965791216,0.198761609907121
10,80,0.207370184254606,0.199122807017544,0.152504965791216,0.198761609907121
10,81,0.207370184254606,0.199122807017544,0.152504965791216,0.198761609907121
10,82,0.24115523465704,0.228808864265928,0.131740614334471,0.227388535031847
10,83,0.24115523465704,0.228808864265928,0.131740614334471,0.227388535031847
10,84,0.24115523465704,0.228808864265928,0.131740614334471,0.227388535031847
10,85,0.24115523465704,0.228808864265928,0.131740614334471,0.227388535031847
10,86,0.24115523465704,0.228808864265928,0.131740614334471,0.227388535031847
10,87,0.24115523465704,0.228808864265928,0.131740614334471,0.227388535031847
10,88,0.24115523465704,0.228808864265928,0.131740614334471,0.227388535031847
10,89,0.28974358974359,0.260456273764259,0.10880829015544,0.269751693002257
10,90,0.28974358974359,0.260456273764259,0.11400651465798,0.269751693002257
10,91,0.28974358974359,0.260456273764259,0.121664405246495,0.269751693002257
10,92,0.28974358974359,0.260456273764259,0.13027989821883,0.269751693002257
10,93,0.289817232375979,0.263862332695985,0.146256529309344,0.263824884792627
10,94,0.338164251207729,0.285507246376812,0.133282559025133,0.306796116504854
10,95,0.338164251207729,0.285507246376812,0.138044371405094,0.306796116504854
10,96,0.386973180076628,0.325740318906606,0.124357656731757,0.363934426229508
10,97,0.386973180076628,0.325740318906606,0.152588555858311,0.363934426229508
10,98,0.347826086956522,0.375968992248062,0.166666666666667,0.361809045226131
10,99,0.277777777777778,0.424528301886792,0.0772357723577236,0.324324324324324
11,55,0.169975932611312,0.171225630950582,0.168532616808479,0.169073405535499
11,56,0.169975932611312,0.171225630950582,0.168532616808479,0.169073405535499
11,57,0.169975932611312,0.171225630950582,0.168532616808479,0.169073405535499
11,58,0.169975932611312,0.171225630950582,0.168532616808479,0.169073405535499
11,59,0.169975932611312,0.171225630950582,0.168532616808479,0.169073405535499
11,60,0.169975932611312,0.171225630950582,0.168532616808479,0.169073405535499
11,61,0.169975932611312,0.171225630950582,0.168532616808479,0.169073405535499
11,62,0.169975932611312,0.171225630950582,0.168532616808479,0.169073405535499
11,63,0.169975932611312,0.171225630950582,0.168532616808479,0.169073405535499
11,64,0.169975932611312,0.171225630950582,0.168532616808479,0.169073405535499
11,65,0.169975932611312,0.171225630950582,0.168532616808479,0.169073405535499
11,66,0.169975932611312,0.171225630950582,0.168532616808479,0.169073405535499
11,67,0.169975932611312,0.171225630950582,0.168532616808479,0.169073405535499
11,68,0.169975932611312,0.171225630950582,0.168532616808479,0.169073405535499
11,69,0.22110190853439,0.202524383247275,0.177168691720825,0.207120743034056
11,70,0.22110190853439,0.202524383247275,0.177168691720825,0.207120743034056
11,71,0.22110190853439,0.202524383247275,0.177168691720825,0.207120743034056
11,72,0.22110190853439,0.202524383247275,0.177168691720825,0.207120743034056
11,73,0.22110190853439,0.202524383247275,0.177168691720825,0.207120743034056
11,74,0.22110190853439,0.202524383247275,0.177168691720825,0.207120743034056
11,75,0.22110190853439,0.202524383247275,0.177168691720825,0.207120743034056
11,76,0.22110190853439,0.202524383247275,0.177168691720825,0.207120743034056
11,77,0.22110190853439,0.202524383247275,0.177168691720825,0.207120743034056
11,78,0.22110190853439,0.202524383247275,0.177168691720825,0.207120743034056
11,79,0.22110190853439,0.202524383247275,0.177168691720825,0.207120743034056
11,80,0.22110190853439,0.202524383247275,0.177168691720825,0.207120743034056
11,81,0.22110190853439,0.202524383247275,0.177168691720825,0.207120743034056
11,82,0.259031514219831,0.229211087420043,0.139708629062383,0.230917254650417
11,83,0.259031514219831,0.229211087420043,0.139708629062383,0.230917254650417
11,84,0.259031514219831,0.229211087420043,0.139708629062383,0.230917254650417
11,85,0.259031514219831,0.229211087420043,0.139708629062383,0.230917254650417
11,86,0.259031514219831,0.229211087420043,0.139708629062383,0.230917254650417
11,87,0.259031514219831,0.229211087420043,0.139708629062383,0.230917254650417
11,88,0.259031514219831,0.229211087420043,0.139708629062383,0.230917254650417
11,89,0.28125,0.262183235867446,0.126514131897712,0.26643598615917
11,90,0.28125,0.262183235867446,0.126514131897712,0.26643598615917
11,91,0.28125,0.262183235867446,0.128310502283105,0.26643598615917
11,92,0.28125,0.262183235867446,0.136106831022085,0.26643598615917
11,93,0.266761768901569,0.261330761812922,0.123456790123457,0.251533742331288
11,94,0.320547945205479,0.289634146341463,0.122278056951424,0.307522123893805
11,95,0.320547945205479,0.289634146341463,0.122278056951424,0.307522123893805
11,96,0.322448979591837,0.314553990610329,0.122743682310469,0.31864406779661
11,97,0.322448979591837,0.314553990610329,0.134877384196185,0.31864406779661
11,98,0.391304347826087,0.351694915254237,0.137014314928425,0.354430379746835
11,99,0.448275862068966,0.386792452830189,0.147540983606557,0.491228070175439
12,55,0.172834067547724,0.170767428236673,0.171900102234555,0.170571969145685
12,56,0.172834067547724,0.170767428236673,0.171900102234555,0.170571969145685
12,57,0.172834067547724,0.170767428236673,0.171900102234555,0.170571969145685
12,58,0.172834067547724,0.170767428236673,0.171900102234555,0.170571969145685
12,59,0.172834067547724,0.170767428236673,0.171900102234555,0.170571969145685
12,60,0.172834067547724,0.170767428236673,0.171900102234555,0.170571969145685
12,61,0.172834067547724,0.170767428236673,0.171900102234555,0.170571969145685
12,62,0.172834067547724,0.170767428236673,0.171900102234555,0.170571969145685
12,63,0.172834067547724,0.170767428236673,0.171900102234555,0.170571969145685
12,64,0.172834067547724,0.170767428236673,0.171900102234555,0.170571969145685
12,65,0.172834067547724,0.170767428236673,0.171900102234555,0.170571969145685
12,66,0.172834067547724,0.170767428236673,0.171900102234555,0.170571969145685
12,67,0.172834067547724,0.170767428236673,0.171900102234555,0.170571969145685
12,68,0.172834067547724,0.170767428236673,0.171900102234555,0.170571969145685
12,69,0.214822404371585,0.202733485193622,0.163393756294058,0.202078874961785
12,70,0.214822404371585,0.202733485193622,0.163393756294058,0.202078874961785
12,71,0.214822404371585,0.202733485193622,0.163393756294058,0.202078874961785
12,72,0.214822404371585,0.202733485193622,0.163393756294058,0.202078874961785
12,73,0.214822404371585,0.202733485193622,0.163393756294058,0.202078874961785
12,74,0.214822404371585,0.202733485193622,0.163393756294058,0.202078874961785
12,75,0.214822404371585,0.202733485193622,0.163393756294058,0.202078874961785
12,76,0.214822404371585,0.202733485193622,0.163393756294058,0.202078874961785
12,77,0.214822404371585,0.202733485193622,0.163393756294058,0.202078874961785
12,78,0.214822404371585,0.202733485193622,0.163393756294058,0.202078874961785
12,79,0.214822404371585,0.202733485193622,0.163393756294058,0.202078874961785
12,80,0.214822404371585,0.202733485193622,0.163393756294058,0.202078874961785
12,81,0.214822404371585,0.202733485193622,0.163393756294058,0.202078874961785
12,82,0.237638376383764,0.222905027932961,0.130558520099609,0.225031605562579
12,83,0.237638376383764,0.222905027932961,0.130558520099609,0.225031605562579
12,84,0.237638376383764,0.222905027932961,0.130558520099609,0.225031605562579
12,85,0.237638376383764,0.222905027932961,0.130558520099609,0.225031605562579
12,86,0.237638376383764,0.222905027932961,0.130558520099609,0.225031605562579
12,87,0.237638376383764,0.222905027932961,0.130558520099609,0.225031605562579
12,88,0.237638376383764,0.222905027932961,0.130558520099609,0.225031605562579
12,89,0.263521288837745,0.250936329588015,0.126151012891344,0.254310344827586
12,90,0.263521288837745,0.250936329588015,0.126151012891344,0.254310344827586
12,91,0.263521288837745,0.250936329588015,0.126151012891344,0.254310344827586
12,92,0.263521288837745,0.250936329588015,0.134536082474227,0.254310344827586
12,93,0.25531914893617,0.23805060918463,0.135533294048321,0.237612612612613
12,94,0.29047619047619,0.262996941896024,0.126445643793369,0.275100401606426
12,95,0.29047619047619,0.262996941896024,0.131795716639209,0.275100401606426
12,96,0.337078651685393,0.297587131367292,0.113846153846154,0.323024054982818
12,97,0.337078651685393,0.297587131367292,0.137978142076503,0.323024054982818
12,98,0.292553191489362,0.346733668341709,0.135245901639344,0.321428571428571
12,99,0.404761904761905,0.326732673267327,0.102459016393443,0.392156862745098
13,55,0.17435050307854,0.174195453203425,0.175541516245487,0.173076923076923
13,56,0.17435050307854,0.174195453203425,0.175541516245487,0.173076923076923
13,57,0.17435050307854,0.174195453203425,0.175541516245487,0.173076923076923
13,58,0.17435050307854,0.174195453203425,0.175541516245487,0.173076923076923
13,59,0.17435050307854,0.174195453203425,0.175541516245487,0.173076923076923
13,60,0.17435050307854,0.174195453203425,0.175541516245487,0.173076923076923
13,61,0.17435050307854,0.174195453203425,0.175541516245487,0.173076923076923
13,62,0.17435050307854,0.174195453203425,0.175541516245487,0.173076923076923
13,63,0.17435050307854,0.174195453203425,0.175541516245487,0.173076923076923
13,64,0.17435050307854,0.174195453203425,0.175541516245487,0.173076923076923
13,65,0.17435050307854,0.174195453203425,0.175541516245487,0.173076923076923
13,66,0.17435050307854,0.174195453203425,0.175541516245487,0.173076923076923
13,67,0.17435050307854,0.174195453203425,0.175541516245487,0.173076923076923
13,68,0.17435050307854,0.174195453203425,0.175541516245487,0.173076923076923
13,69,0.21893063583815,0.200570613409415,0.177513073794306,0.202858030444237
13,70,0.21893063583815,0.200570613409415,0.177513073794306,0.202858030444237
13,71,0.21893063583815,0.200570613409415,0.177513073794306,0.202858030444237
13,72,0.21893063583815,0.200570613409415,0.177513073794306,0.202858030444237
13,73,0.21893063583815,0.200570613409415,0.177513073794306,0.202858030444237
13,74,0.21893063583815,0.200570613409415,0.177513073794306,0.202858030444237
13,75,0.21893063583815,0.200570613409415,0.177513073794306,0.202858030444237
13,76,0.21893063583815,0.200570613409415,0.177513073794306,0.202858030444237
13,77,0.21893063583815,0.200570613409415,0.177513073794306,0.202858030444237
13,78,0.21893063583815,0.200570613409415,0.177513073794306,0.202858030444237
13,79,0.21893063583815,0.200570613409415,0.177513073794306,0.202858030444237
13,80,0.21893063583815,0.200570613409415,0.177513073794306,0.202858030444237
13,81,0.21893063583815,0.200570613409415,0.177513073794306,0.202858030444237
13,82,0.241501416430595,0.22270505160239,0.132737504137703,0.222562844880441
13,83,0.241501416430595,0.22270505160239,0.132737504137703,0.222562844880441
13,84,0.241501416430595,0.22270505160239,0.132737504137703,0.222562844880441
13,85,0.241501416430595,0.22270505160239,0.132737504137703,0.222562844880441
13,86,0.241501416430595,0.22270505160239,0.132737504137703,0.222562844880441
13,87,0.241501416430595,0.22270505160239,0.132737504137703,0.222562844880441
13,88,0.241501416430595,0.22270505160239,0.134758995247794,0.222562844880441
13,89,0.281553398058252,0.256525652565257,0.115440818314661,0.264604810996564
13,90,0.281553398058252,0.256525652565257,0.115440818314661,0.264604810996564
13,91,0.281553398058252,0.256525652565257,0.115440818314661,0.264604810996564
13,92,0.281553398058252,0.256525652565257,0.120266120777892,0.264604810996564
13,93,0.266066838046273,0.24812734082397,0.136098130841121,0.248291571753986
13,94,0.324538258575198,0.28062015503876,0.1169757489301,0.293478260869565
13,95,0.324538258575198,0.28062015503876,0.129005751848809,0.293478260869565
13,96,0.323843416370107,0.300261096605744,0.119096509240246,0.307692307692308
13,97,0.323843416370107,0.300261096605744,0.13953488372093,0.307692307692308
13,98,0.341317365269461,0.385454545454545,0.143149284253579,0.370786516853933
13,99,0.413793103448276,0.397849462365591,0.122950819672131,0.363636363636364
14,55,0.173630592056696,0.173834314169307,0.176733115144302,0.173231871083259
14,56,0.173630592056696,0.173834314169307,0.176733115144302,0.173231871083259
14,57,0.173630592056696,0.173834314169307,0.176733115144302,0.173231871083259
14,58,0.173630592056696,0.173834314169307,0.176733115144302,0.173231871083259
14,59,0.173630592056696,0.173834314169307,0.176733115144302,0.173231871083259
14,60,0.173630592056696,0.173834314169307,0.176733115144302,0.173231871083259
14,61,0.173630592056696,0.173834314169307,0.176733115144302,0.173231871083259
14,62,0.173630592056696,0.173834314169307,0.176733115144302,0.173231871083259
14,63,0.173630592056696,0.173834314169307,0.176733115144302,0.173231871083259
14,64,0.173630592056696,0.173834314169307,0.176733115144302,0.173231871083259
14,65,0.173630592056696,0.173834314169307,0.176733115144302,0.173231871083259
14,66,0.173630592056696,0.173834314169307,0.176733115144302,0.173231871083259
14,67,0.173630592056696,0.173834314169307,0.176733115144302,0.173231871083259
14,68,0.173630592056696,0.173834314169307,0.176733115144302,0.173231871083259
14,69,0.209348255431205,0.197030268418047,0.162835249042146,0.200483822195343
14,70,0.209348255431205,0.197030268418047,0.162835249042146,0.200483822195343
14,71,0.209348255431205,0.197030268418047,0.162835249042146,0.200483822195343
14,72,0.209348255431205,0.197030268418047,0.162835249042146,0.200483822195343
14,73,0.209348255431205,0.197030268418047,0.162835249042146,0.200483822195343
14,74,0.209348255431205,0.197030268418047,0.162835249042146,0.200483822195343
14,75,0.209348255431205,0.197030268418047,0.162835249042146,0.200483822195343
14,76,0.209348255431205,0.197030268418047,0.162835249042146,0.200483822195343
14,77,0.209348255431205,0.197030268418047,0.162835249042146,0.200483822195343
14,78,0.209348255431205,0.197030268418047,0.162835249042146,0.200483822195343
14,79,0.209348255431205,0.197030268418047,0.162835249042146,0.200483822195343
14,80,0.209348255431205,0.197030268418047,0.162835249042146,0.200483822195343
14,81,0.209348255431205,0.197030268418047,0.162835249042146,0.200483822195343
14,82,0.239179954441913,0.222814498933902,0.134594787575866,0.222791293213828
14,83,0.239179954441913,0.222814498933902,0.134594787575866,0.222791293213828
14,84,0.239179954441913,0.222814498933902,0.134594787575866,0.222791293213828
14,85,0.239179954441913,0.222814498933902,0.134594787575866,0.222791293213828
14,86,0.239179954441913,0.222814498933902,0.134594787575866,0.222791293213828
14,87,0.239179954441913,0.222814498933902,0.134594787575866,0.222791293213828
14,88,0.239179954441913,0.222814498933902,0.134594787575866,0.222791293213828
14,89,0.279855247285887,0.252830188679245,0.121234939759036,0.258658008658009
14,90,0.279855247285887,0.252830188679245,0.125562372188139,0.258658008658009
14,91,0.279855247285887,0.252830188679245,0.130395274875057,0.258658008658009
14,92,0.279855247285887,0.252830188679245,0.137014314928425,0.258658008658009
14,93,0.276470588235294,0.251221896383187,0.129107981220657,0.24969400244798
14,94,0.311320754716981,0.300632911392405,0.122961956521739,0.314345991561181
14,95,0.311320754716981,0.300632911392405,0.135289323553382,0.314345991561181
14,96,0.354166666666667,0.301204819277108,0.121107266435986,0.306049822064057
14,97,0.354166666666667,0.301204819277108,0.135685210312076,0.306049822064057
14,98,0.338983050847458,0.340823970037453,0.17827868852459,0.337662337662338
14,99,0.353846153846154,0.371428571428571,0.144628099173554,0.368421052631579
15,55,0.175952203136669,0.178415752292199,0.179030064964496,0.178897025855627
15,56,0.175952203136669,0.178415752292199,0.179030064964496,0.178897025855627
15,57,0.175952203136669,0.178415752292199,0.179030064964496,0.178897025855627
15,58,0.175952203136669,0.178415752292199,0.179030064964496,0.178897025855627
15,59,0.175952203136669,0.178415752292199,0.179030064964496,0.178897025855627
15,60,0.175952203136669,0.178415752292199,0.179030064964496,0.178897025855627
15,61,0.175952203136669,0.178415752292199,0.179030064964496,0.178897025855627
15,62,0.175952203136669,0.178415752292199,0.179030064964496,0.178897025855627
15,63,0.175952203136669,0.178415752292199,0.179030064964496,0.178897025855627
15,64,0.175952203136669,0.178415752292199,0.179030064964496,0.178897025855627
15,65,0.175952203136669,0.178415752292199,0.179030064964496,0.178897025855627
15,66,0.175952203136669,0.178415752292199,0.179030064964496,0.178897025855627
15,67,0.175952203136669,0.178415752292199,0.179030064964496,0.178897025855627
15,68,0.175952203136669,0.178415752292199,0.179030064964496,0.178897025855627
15,69,0.218478638416117,0.196152725153017,0.176724137931034,0.203269586674892
15,70,0.218478638416117,0.196152725153017,0.176724137931034,0.203269586674892
15,71,0.218478638416117,0.196152725153017,0.176724137931034,0.203269586674892
15,72,0.218478638416117,0.196152725153017,0.176724137931034,0.203269586674892
15,73,0.218478638416117,0.196152725153017,0.176724137931034,0.203269586674892
15,74,0.218478638416117,0.196152725153017,0.176724137931034,0.203269586674892
15,75,0.218478638416117,0.196152725153017,0.176724137931034,0.203269586674892
15,76,0.218478638416117,0.196152725153017,0.176724137931034,0.203269586674892
15,77,0.218478638416117,0.196152725153017,0.176724137931034,0.203269586674892
15,78,0.218478638416117,0.196152725153017,0.176724137931034,0.203269586674892
15,79,0.218478638416117,0.196152725153017,0.176724137931034,0.203269586674892
15,80,0.218478638416117,0.196152725153017,0.176724137931034,0.203269586674892
15,81,0.218478638416117,0.196152725153017,0.176724137931034,0.203269586674892
15,82,0.234411996842936,0.221578947368421,0.123411978221416,0.21598968407479
15,83,0.234411996842936,0.221578947368421,0.123411978221416,0.21598968407479
15,84,0.234411996842936,0.221578947368421,0.123411978221416,0.21598968407479
15,85,0.234411996842936,0.221578947368421,0.123411978221416,0.21598968407479
15,86,0.234411996842936,0.221578947368421,0.123411978221416,0.21598968407479
15,87,0.234411996842936,0.221578947368421,0.123411978221416,0.21598968407479
15,88,0.234411996842936,0.221578947368421,0.123411978221416,0.21598968407479
15,89,0.277777777777778,0.246728971962617,0.121459433509362,0.25028441410694
15,90,0.277777777777778,0.246728971962617,0.121459433509362,0.25028441410694
15,91,0.277777777777778,0.246728971962617,0.121459433509362,0.25028441410694
15,92,0.277777777777778,0.246728971962617,0.123911930363543,0.25028441410694
15,93,0.258354755784062,0.248334919124643,0.133137829912023,0.247706422018349
15,94,0.361702127659574,0.304281345565749,0.129452054794521,0.321862348178138
15,95,0.361702127659574,0.304281345565749,0.14543960558751,0.321862348178138
15,96,0.405,0.322418136020151,0.108606557377049,0.354716981132075
15,97,0.405,0.322418136020151,0.131147540983607,0.354716981132075
15,98,0.368421052631579,0.368613138686131,0.171134020618557,0.373271889400922
15,99,0.381818181818182,0.413333333333333,0.118367346938776,0.391304347826087
16,55,0.17890044576523,0.176207513416816,0.178486646884273,0.17520295202952
16,56,0.17890044576523,0.176207513416816,0.178486646884273,0.17520295202952
16,57,0.17890044576523,0.176207513416816,0.178486646884273,0.17520295202952
16,58,0.17890044576523,0.176207513416816,0.178486646884273,0.17520295202952
16,59,0.17890044576523,0.176207513416816,0.178486646884273,0.17520295202952
16,60,0.17890044576523,0.176207513416816,0.178486646884273,0.17520295202952
16,61,0.17890044576523,0.176207513416816,0.178486646884273,0.17520295202952
16,62,0.17890044576523,0.176207513416816,0.178486646884273,0.17520295202952
16,63,0.17890044576523,0.176207513416816,0.178486646884273,0.17520295202952
16,64,0.17890044576523,0.176207513416816,0.178486646884273,0.17520295202952
16,65,0.17890044576523,0.176207513416816,0.178486646884273,0.17520295202952
16,66,0.17890044576523,0.176207513416816,0.178486646884273,0.17520295202952
16,67,0.17890044576523,0.176207513416816,0.178486646884273,0.17520295202952
16,68,0.17890044576523,0.176207513416816,0.178486646884273,0.17520295202952
16,69,0.224629830263633,0.202026049204052,0.178591391839016,0.208190059393561
16,70,0.224629830263633,0.202026049204052,0.178591391839016,0.208190059393561
16,71,0.224629830263633,0.202026049204052,0.178591391839016,0.208190059393561
16,72,0.224629830263633,0.202026049204052,0.178591391839016,0.208190059393561
16,73,0.224629830263633,0.202026049204052,0.178591391839016,0.208190059393561
16,74,0.224629830263633,0.202026049204052,0.178591391839016,0.208190059393561
16,75,0.224629830263633,0.202026049204052,0.178591391839016,0.208190059393561
16,76,0.224629830263633,0.202026049204052,0.178591391839016,0.208190059393561
16,77,0.224629830263633,0.202026049204052,0.178591391839016,0.208190059393561
16,78,0.224629830263633,0.202026049204052,0.178591391839016,0.208190059393561
16,79,0.224629830263633,0.202026049204052,0.178591391839016,0.208190059393561
16,80,0.224629830263633,0.202026049204052,0.178591391839016,0.208190059393561
16,81,0.224629830263633,0.202026049204052,0.178591391839016,0.208190059393561
16,82,0.255865102639296,0.231374606505771,0.145038167938931,0.233644859813084
16,83,0.255865102639296,0.231374606505771,0.145038167938931,0.233644859813084
16,84,0.255865102639296,0.231374606505771,0.145038167938931,0.233644859813084
16,85,0.255865102639296,0.231374606505771,0.145038167938931,0.233644859813084
16,86,0.255865102639296,0.231374606505771,0.145038167938931,0.233644859813084
16,87,0.255865102639296,0.231374606505771,0.145038167938931,0.233644859813084
16,88,0.255865102639296,0.231374606505771,0.145038167938931,0.233644859813084
16,89,0.241007194244604,0.240316901408451,0.119283356907119,0.227417640807651
16,90,0.241007194244604,0.240316901408451,0.119283356907119,0.227417640807651
16,91,0.241007194244604,0.240316901408451,0.119283356907119,0.227417640807651
16,92,0.241007194244604,0.240316901408451,0.123155216284987,0.227417640807651
16,93,0.274104683195592,0.253597122302158,0.13056206088993,0.250574712643678
16,94,0.289124668435013,0.255223880597015,0.109926168990976,0.260775862068966
16,95,0.289124668435013,0.255223880597015,0.109926168990976,0.260775862068966
16,96,0.436363636363636,0.339759036144578,0.118609406952965,0.372693726937269
16,97,0.436363636363636,0.339759036144578,0.144611186903138,0.372693726937269
16,98,0.283505154639175,0.313725490196078,0.128048780487805,0.295
16,99,0.277777777777778,0.340425531914894,0.0897959183673469,0.270833333333333
17,55,0.168785418900291,0.166146993318486,0.169373549883991,0.165303998810763
17,56,0.168785418900291,0.166146993318486,0.169373549883991,0.165303998810763
17,57,0.168785418900291,0.166146993318486,0.169373549883991,0.165303998810763
17,58,0.168785418900291,0.166146993318486,0.169373549883991,0.165303998810763
17,59,0.168785418900291,0.166146993318486,0.169373549883991,0.165303998810763
17,60,0.168785418900291,0.166146993318486,0.169373549883991,0.165303998810763
17,61,0.168785418900291,0.166146993318486,0.169373549883991,0.165303998810763
17,62,0.168785418900291,0.166146993318486,0.169373549883991,0.165303998810763
17,63,0.168785418900291,0.166146993318486,0.169373549883991,0.165303998810763
17,64,0.168785418900291,0.166146993318486,0.169373549883991,0.165303998810763
17,65,0.168785418900291,0.166146993318486,0.169373549883991,0.165303998810763
17,66,0.168785418900291,0.166146993318486,0.169373549883991,0.165303998810763
17,67,0.168785418900291,0.166146993318486,0.169373549883991,0.165303998810763
17,68,0.168785418900291,0.166146993318486,0.169373549883991,0.165303998810763
17,69,0.220321229050279,0.196664749856239,0.175013319126265,0.201462968607132
17,70,0.220321229050279,0.196664749856239,0.175013319126265,0.201462968607132
17,71,0.220321229050279,0.196664749856239,0.175013319126265,0.201462968607132
17,72,0.220321229050279,0.196664749856239,0.175013319126265,0.201462968607132
17,73,0.220321229050279,0.196664749856239,0.175013319126265,0.201462968607132
17,74,0.220321229050279,0.196664749856239,0.175013319126265,0.201462968607132
17,75,0.220321229050279,0.196664749856239,0.175013319126265,0.201462968607132
17,76,0.220321229050279,0.196664749856239,0.175013319126265,0.201462968607132
17,77,0.220321229050279,0.196664749856239,0.175013319126265,0.201462968607132
17,78,0.220321229050279,0.196664749856239,0.175013319126265,0.201462968607132
17,79,0.220321229050279,0.196664749856239,0.175013319126265,0.201462968607132
17,80,0.220321229050279,0.196664749856239,0.175013319126265,0.201462968607132
17,81,0.220321229050279,0.196664749856239,0.175013319126265,0.201462968607132
17,82,0.228880866425993,0.228869374313941,0.12791079042309,0.220241884150223
17,83,0.228880866425993,0.228869374313941,0.12791079042309,0.220241884150223
17,84,0.228880866425993,0.228869374313941,0.12791079042309,0.220241884150223
17,85,0.228880866425993,0.228869374313941,0.12791079042309,0.220241884150223
17,86,0.228880866425993,0.228869374313941,0.12791079042309,0.220241884150223
17,87,0.228880866425993,0.228869374313941,0.12791079042309,0.220241884150223
17,88,0.228880866425993,0.228869374313941,0.131660364386387,0.220241884150223
17,89,0.269417475728155,0.25273799494524,0.122658340767172,0.252873563218391
17,90,0.269417475728155,0.25273799494524,0.122658340767172,0.252873563218391
17,91,0.269417475728155,0.25273799494524,0.123626373626374,0.252873563218391
17,92,0.269417475728155,0.25273799494524,0.134981968057702,0.252873563218391
17,93,0.265331664580726,0.247115384615385,0.142274052478134,0.254484304932735
17,94,0.357512953367876,0.289763779527559,0.130708661417323,0.316702819956616
17,95,0.357512953367876,0.289763779527559,0.136625514403292,0.316702819956616
17,96,0.382488479262673,0.33509234828496,0.114628820960699,0.349442379182156
17,97,0.382488479262673,0.33509234828496,0.132152588555858,0.349442379182156
17,98,0.296650717703349,0.306859205776173,0.142276422764228,0.304545454545455
17,99,0.354166666666667,0.3125,0.0816326530612245,0.361702127659574
18,55,0.172200337647721,0.174814814814815,0.171365395245992,0.173043224299065
18,56,0.172200337647721,0.174814814814815,0.171365395245992,0.173043224299065
18,57,0.172200337647721,0.174814814814815,0.171365395245992,0.173043224299065
18,58,0.172200337647721,0.174814814814815,0.171365395245992,0.173043224299065
18,59,0.172200337647721,0.174814814814815,0.171365395245992,0.173043224299065
18,60,0.172200337647721,0.174814814814815,0.171365395245992,0.173043224299065
18,61,0.172200337647721,0.174814814814815,0.171365395245992,0.173043224299065
18,62,0.172200337647721,0.174814814814815,0.171365395245992,0.173043224299065
18,63,0.172200337647721,0.174814814814815,0.171365395245992,0.173043224299065
18,64,0.172200337647721,0.174814814814815,0.171365395245992,0.173043224299065
18,65,0.172200337647721,0.174814814814815,0.171365395245992,0.173043224299065
18,66,0.172200337647721,0.174814814814815,0.171365395245992,0.173043224299065
18,67,0.172200337647721,0.174814814814815,0.171365395245992,0.173043224299065
18,68,0.172200337647721,0.174814814814815,0.171365395245992,0.173043224299065
18,69,0.203598800399867,0.203325554259043,0.157300672430355,0.198072139303483
18,70,0.203598800399867,0.203325554259043,0.157300672430355,0.198072139303483
18,71,0.203598800399867,0.203325554259043,0.157300672430355,0.198072139303483
18,72,0.203598800399867,0.203325554259043,0.157300672430355,0.198072139303483
18,73,0.203598800399867,0.203325554259043,0.157300672430355,0.198072139303483
18,74,0.203598800399867,0.203325554259043,0.157300672430355,0.198072139303483
18,75,0.203598800399867,0.203325554259043,0.157300672430355,0.198072139303483
18,76,0.203598800399867,0.203325554259043,0.157300672430355,0.198072139303483
18,77,0.203598800399867,0.203325554259043,0.157300672430355,0.198072139303483
18,78,0.203598800399867,0.203325554259043,0.157300672430355,0.198072139303483
18,79,0.203598800399867,0.203325554259043,0.157300672430355,0.198072139303483
18,80,0.203598800399867,0.203325554259043,0.157300672430355,0.198072139303483
18,81,0.203598800399867,0.203325554259043,0.157300672430355,0.198072139303483
18,82,0.236751548520303,0.215295966474594,0.131640494487137,0.21824686940966
18,83,0.236751548520303,0.215295966474594,0.131640494487137,0.21824686940966
18,84,0.236751548520303,0.215295966474594,0.131640494487137,0.21824686940966
18,85,0.236751548520303,0.215295966474594,0.131640494487137,0.21824686940966
18,86,0.236751548520303,0.215295966474594,0.131640494487137,0.21824686940966
18,87,0.236751548520303,0.215295966474594,0.131640494487137,0.21824686940966
18,88,0.236751548520303,0.215295966474594,0.133038448451854,0.21824686940966
18,89,0.263736263736264,0.250965250965251,0.124238162212846,0.258741258741259
18,90,0.263736263736264,0.250965250965251,0.124238162212846,0.258741258741259
18,91,0.263736263736264,0.250965250965251,0.124238162212846,0.258741258741259
18,92,0.263736263736264,0.250965250965251,0.130635245901639,0.258741258741259
18,93,0.25,0.257703081232493,0.130638547158758,0.254098360655738
18,94,0.342939481268012,0.266263237518911,0.132760267430755,0.281449893390192
18,95,0.342939481268012,0.266263237518911,0.132760267430755,0.281449893390192
18,96,0.352739726027397,0.319654427645788,0.130122950819672,0.319526627218935
18,97,0.352739726027397,0.319654427645788,0.163934426229508,0.319526627218935
18,98,0.3625,0.351449275362319,0.137577002053388,0.33879781420765
18,99,0.333333333333333,0.34,0.105263157894737,0.349206349206349
19,55,0.172199170124481,0.170085342117083,0.171336364969928,0.171500443918319
19,56,0.172199170124481,0.170085342117083,0.171336364969928,0.171500443918319
19,57,0.172199170124481,0.170085342117083,0.171336364969928,0.171500443918319
19,58,0.172199170124481,0.170085342117083,0.171336364969928,0.171500443918319
19,59,0.172199170124481,0.170085342117083,0.171336364969928,0.171500443918319
19,60,0.172199170124481,0.170085342117083,0.171336364969928,0.171500443918319
19,61,0.172199170124481,0.170085342117083,0.171336364969928,0.171500443918319
19,62,0.172199170124481,0.170085342117083,0.171336364969928,0.171500443918319
19,63,0.172199170124481,0.170085342117083,0.171336364969928,0.171500443918319
19,64,0.172199170124481,0.170085342117083,0.171336364969928,0.171500443918319
19,65,0.172199170124481,0.170085342117083,0.171336364969928,0.171500443918319
19,66,0.172199170124481,0.170085342117083,0.171336364969928,0.171500443918319
19,67,0.172199170124481,0.170085342117083,0.171336364969928,0.171500443918319
19,68,0.172199170124481,0.170085342117083,0.171336364969928,0.171500443918319
19,69,0.213558131366351,0.194012665515256,0.170427395805681,0.197613949219945
19,70,0.213558131366351,0.194012665515256,0.170427395805681,0.197613949219945
19,71,0.213558131366351,0.194012665515256,0.170427395805681,0.197613949219945
19,72,0.213558131366351,0.194012665515256,0.170427395805681,0.197613949219945
19,73,0.213558131366351,0.194012665515256,0.170427395805681,0.197613949219945
19,74,0.213558131366351,0.194012665515256,0.170427395805681,0.197613949219945
19,75,0.213558131366351,0.194012665515256,0.170427395805681,0.197613949219945
19,76,0.213558131366351,0.194012665515256,0.170427395805681,0.197613949219945
19,77,0.213558131366351,0.194012665515256,0.170427395805681,0.197613949219945
19,78,0.213558131366351,0.194012665515256,0.170427395805681,0.197613949219945
19,79,0.213558131366351,0.194012665515256,0.170427395805681,0.197613949219945
19,80,0.213558131366351,0.194012665515256,0.170427395805681,0.197613949219945
19,81,0.213558131366351,0.194012665515256,0.170427395805681,0.197613949219945
19,82,0.24831712789828,0.232199787460149,0.130734736115902,0.223140495867769
19,83,0.24831712789828,0.232199787460149,0.130734736115902,0.223140495867769
19,84,0.24831712789828,0.232199787460149,0.130734736115902,0.223140495867769
19,85,0.24831712789828,0.232199787460149,0.130734736115902,0.223140495867769
19,86,0.24831712789828,0.232199787460149,0.130734736115902,0.223140495867769
19,87,0.24831712789828,0.232199787460149,0.130734736115902,0.223140495867769
19,88,0.24831712789828,0.232199787460149,0.130734736115902,0.223140495867769
19,89,0.259863945578231,0.241279069767442,0.11279926335175,0.24256837098692
19,90,0.259863945578231,0.241279069767442,0.11279926335175,0.24256837098692
19,91,0.259863945578231,0.241279069767442,0.11279926335175,0.24256837098692
19,92,0.259863945578231,0.241279069767442,0.117496151872755,0.24256837098692
19,93,0.281088082901554,0.271547729379055,0.14,0.262790697674419
19,94,0.304020100502513,0.26969696969697,0.118568232662192,0.271762208067941
19,95,0.304020100502513,0.26969696969697,0.123980424143556,0.271762208067941
19,96,0.349206349206349,0.327906976744186,0.11577868852459,0.317725752508361
19,97,0.349206349206349,0.327906976744186,0.14207650273224,0.317725752508361
19,98,0.360759493670886,0.344,0.146639511201629,0.360248447204969
19,99,0.365384615384615,0.4,0.127572016460905,0.418604651162791
20,55,0.180351669624133,0.17495089892733,0.183737423717632,0.17646160891467
20,56,0.180351669624133,0.17495089892733,0.183737423717632,0.17646160891467
20,57,0.180351669624133,0.17495089892733,0.183737423717632,0.17646160891467
20,58,0.180351669624133,0.17495089892733,0.183737423717632,0.17646160891467
20,59,0.180351669624133,0.17495089892733,0.183737423717632,0.17646160891467
20,60,0.180351669624133,0.17495089892733,0.183737423717632,0.17646160891467
20,61,0.180351669624133,0.17495089892733,0.183737423717632,0.17646160891467
20,62,0.180351669624133,0.17495089892733,0.183737423717632,0.17646160891467
20,63,0.180351669624133,0.17495089892733,0.183737423717632,0.17646160891467
20,64,0.180351669624133,0.17495089892733,0.183737423717632,0.17646160891467
20,65,0.180351669624133,0.17495089892733,0.183737423717632,0.17646160891467
20,66,0.180351669624133,0.17495089892733,0.183737423717632,0.17646160891467
20,67,0.180351669624133,0.17495089892733,0.183737423717632,0.17646160891467
20,68,0.180351669624133,0.17495089892733,0.183737423717632,0.17646160891467
20,69,0.214623499454347,0.194329592439457,0.168283892431383,0.198417721518987
20,70,0.214623499454347,0.194329592439457,0.168283892431383,0.198417721518987
20,71,0.214623499454347,0.194329592439457,0.168283892431383,0.198417721518987
20,72,0.214623499454347,0.194329592439457,0.168283892431383,0.198417721518987
20,73,0.214623499454347,0.194329592439457,0.168283892431383,0.198417721518987
20,74,0.214623499454347,0.194329592439457,0.168283892431383,0.198417721518987
20,75,0.214623499454347,0.194329592439457,0.168283892431383,0.198417721518987
20,76,0.214623499454347,0.194329592439457,0.168283892431383,0.198417721518987
20,77,0.214623499454347,0.194329592439457,0.168283892431383,0.198417721518987
20,78,0.214623499454347,0.194329592439457,0.168283892431383,0.198417721518987
20,79,0.214623499454347,0.194329592439457,0.168283892431383,0.198417721518987
20,80,0.214623499454347,0.194329592439457,0.168283892431383,0.198417721518987
20,81,0.214623499454347,0.194329592439457,0.168283892431383,0.198417721518987
20,82,0.223353699932111,0.218210361067504,0.130206625122991,0.216134858518964
20,83,0.223353699932111,0.218210361067504,0.130206625122991,0.216134858518964
20,84,0.223353699932111,0.218210361067504,0.130206625122991,0.216134858518964
20,85,0.223353699932111,0.218210361067504,0.130206625122991,0.216134858518964
20,86,0.223353699932111,0.218210361067504,0.130206625122991,0.216134858518964
20,87,0.223353699932111,0.218210361067504,0.130206625122991,0.216134858518964
20,88,0.223353699932111,0.218210361067504,0.134404924760602,0.216134858518964
20,89,0.248868778280543,0.247169811320755,0.120032773453503,0.248636859323882
20,90,0.248868778280543,0.247169811320755,0.120032773453503,0.248636859323882
20,91,0.248868778280543,0.247169811320755,0.127611262488647,0.248636859323882
20,92,0.248868778280543,0.247169811320755,0.13643331630046,0.248636859323882
20,93,0.273417721518987,0.247479376718607,0.139493819894055,0.252834467120181
20,94,0.307692307692308,0.273885350318471,0.127458120903132,0.282786885245902
20,95,0.307692307692308,0.273885350318471,0.135802469135802,0.282786885245902
20,96,0.357414448669202,0.312320916905444,0.122950819672131,0.341296928327645
20,97,0.357414448669202,0.312320916905444,0.151639344262295,0.341296928327645
20,98,0.331460674157303,0.372549019607843,0.144897959183673,0.353591160220994
20,99,0.34375,0.387755102040816,0.114754098360656,0.396551724137931
